horizon,model,mae_avg,rmse_avg,mae_first_step,mae_last_step,error_growth,T (degC)_mae,T (degC)_rmse,T (degC)_r2,T (degC)_smape,T (degC)_accuracy_pct,rh (%)_mae,rh (%)_rmse,rh (%)_r2,rh (%)_smape,rh (%)_accuracy_pct,overall_mae,overall_rmse,overall_r2,overall_smape,overall_accuracy_pct
6,baseline,1.2597743,1.5963345,1.2863463,1.2306113,-0.055734992,9.96894110289216,12.666420728510198,-1.6148774597244624,86.22522085074638,13.774779149253618,22.64324937684825,28.465704869175056,-1.8519403823462528,29.9428085640021,70.05719143599791,16.306095239870203,20.566062798842626,-1.7334089210353576,58.08401470737424,41.91598529262576
6,lstm,0.19345403,0.28802294,0.11077728,0.25788727,0.14710999,0.9906381823188392,1.3681075780798033,0.969494087551801,16.779896932507434,83.22010306749257,4.510478671623553,6.422803719345906,0.8548069399355439,6.571351023454576,93.42864897654542,2.750558426971196,3.895455648712855,0.9121505137436725,11.675623977981004,88.324376022019
6,gru,0.193011,0.28706735,0.10547061,0.2600834,0.1546128,0.9825368926377812,1.3664336721036168,0.9695686910275247,16.69123551779126,83.30876448220874,4.511310543188193,6.402853011258034,0.8557075452065627,6.579847653501628,93.42015234649837,2.746923717912987,3.8846433416808255,0.9126381181170438,11.635541585646443,88.36445841435355
6,seq2seq,0.19005233,0.28485322,0.106901735,0.2531743,0.14627257,0.9654265771643247,1.3322017266834103,0.9710743246912223,16.48206296688206,83.51793703311793,4.446080347597747,6.365478581272142,0.8573871429735813,6.470634399249052,93.52936560075095,2.705753462381036,3.8488401539777763,0.9142307338324018,11.476348683065556,88.52365131693445
6,lstm_ghw_horizon_only,0.19436218,0.287034,0.107796,0.2611425,0.1533465,0.9944869981190004,1.364053377996944,0.9696746198793624,16.995968711511022,83.00403128848897,4.533188994044241,6.402851369560688,0.8557076191999868,6.623536646983543,93.37646335301646,2.7638379960816204,3.883452373778816,0.9126911195396746,11.809752679247282,88.19024732075272
6,lstm_ghw_volatility_only,0.19350414,0.2879208,0.104452774,0.26019627,0.1557435,0.9795441988711793,1.3522634637462174,0.9701965767218982,16.398188200669786,83.60181179933022,4.533363607389145,6.441437944878692,0.8539632320744017,6.629577794245805,93.3704222057542,2.7564539031301623,3.8968507043124547,0.91207990439815,11.513882997457795,88.4861170025422
6,lstm_ghw_combined,0.1932298,0.28777137,0.104894795,0.25978452,0.15488973,0.9831585824375574,1.3615567953597552,0.9697855254114836,16.81789971590346,83.18210028409653,4.5173666979685265,6.427505756004469,0.8545942748692907,6.602719790386832,93.39728020961317,2.750262640203042,3.894531275682112,0.9121899001403871,11.710309753145147,88.28969024685486
24,baseline,1.2259842,1.5381393,1.2834783,1.2545378,-0.02894044,9.82461518278649,12.444254436381573,-1.5332741924913873,85.79150443964507,14.208495560354933,21.800474595897164,27.04756016845782,-1.572130178653775,28.991150282604718,71.00884971739528,15.812544889341826,19.745907302419695,-1.552702185572581,57.391327361124894,42.608672638875106
24,lstm,0.31154218,0.4299966,0.12912232,0.37578014,0.24665782,1.6953298142562228,2.2226810808003115,0.919183741518542,26.71796990275582,73.28203009724419,7.0725214465935915,9.329799471837054,0.6939577595245217,10.302640327227468,89.69735967277254,4.3839256304249075,5.776240276318683,0.8065707505215318,18.510305114991645,81.48969488500836
24,gru,0.3049169,0.42324772,0.11940132,0.3735259,0.25412458,1.651214377164618,2.177124538196457,0.9224626453673244,25.812890955389754,74.18710904461025,6.937537014625113,9.213024719370884,0.7015708604971744,10.101859529136592,89.89814047086341,4.294375695894866,5.69507462878367,0.8120167529322494,17.957375242263172,82.04262475773683
24,seq2seq,0.3079367,0.4293529,0.14367206,0.3776256,0.23395355,1.7024982153090593,2.2189787420357012,0.9194527499440363,26.696673572660846,73.30332642733916,6.939424507266164,9.322261948254527,0.6944520614186485,10.075291685444023,89.92470831455597,4.320961361287612,5.7706203451451135,0.8069524056813424,18.385982629052435,81.61401737094756
24,lstm_ghw_horizon_only,0.3132984,0.43445012,0.13494149,0.3749671,0.24002561,1.749622246874048,2.2773665763831517,0.9151581129649563,27.6923302881318,72.3076697118682,7.026813652714514,9.391274164500576,0.6899114055553566,10.228555894830398,89.7714441051696,4.3882179497942815,5.834320370441864,0.8025347592601564,18.9604430914811,81.0395569085189
24,lstm_ghw_volatility_only,0.31419232,0.43817386,0.13137783,0.38446766,0.25308985,1.7355109031844422,2.28845679454379,0.9143297825071414,27.470332015027925,72.52966798497208,7.0834033301446775,9.49261150937053,0.6831832250004304,10.337142667817478,89.66285733218253,4.4094571166645595,5.89053415195716,0.7987565037537858,18.9037373414227,81.0962626585773
24,lstm_ghw_combined,0.3174186,0.4394888,0.14432453,0.3786802,0.23435567,1.7496783992693739,2.2801557455841324,0.9149501681480712,27.20877174021437,72.79122825978563,7.1631251815572945,9.514094689057425,0.68174759615342,10.439164739013155,89.56083526098685,4.456401790413334,5.897125217320778,0.7983488821507456,18.823968239613762,81.17603176038624
72,baseline,1.2013552,1.4959819,1.2722424,1.2329743,-0.039268136,9.515259819193778,11.878208724760022,-1.3337594985706538,84.8660352714684,15.133964728531595,21.576727374133615,26.681964068127055,-1.4977720596901927,28.720579482774696,71.2794205172253,15.545993596663696,19.280086396443537,-1.4157657791304232,56.79330737712155,43.20669262287845
72,lstm,0.39077803,0.5203601,0.18008548,0.44506076,0.26497528,2.4075549101192637,3.1180489141758265,0.8391874119342906,34.88336798365444,65.11663201634556,8.333709976044965,10.736369179371652,0.5955805011980471,12.084918203238415,87.91508179676158,5.370632443082114,6.927209046773739,0.7173839565661688,23.484143093446427,76.51585690655358
72,gru,0.3867881,0.5121493,0.1470615,0.44692385,0.29986235,2.3301320340091713,3.0241455104833137,0.8487276472596594,33.906094724553206,66.09390527544679,8.349696721006294,10.641684164844824,0.6026822714733547,12.143917438540488,87.85608256145952,5.339914377507733,6.8329148376640685,0.725704959366507,23.02500608154685,76.97499391845315
72,seq2seq,0.39514986,0.5225047,0.21324785,0.45696476,0.24371691,2.416218175902076,3.11342326908245,0.8396641909826388,34.39371387530866,65.60628612469134,8.461895366011381,10.78403935291201,0.5919812309398249,12.278707109136844,87.72129289086315,5.439056770956729,6.94873131099723,0.7158227109612318,23.336210492222754,76.66378950777724
72,lstm_ghw_horizon_only,0.39897898,0.5269146,0.20499502,0.4513177,0.24632268,2.436953484538528,3.15737320611607,0.8351055524576075,35.23860169783647,64.76139830216353,8.549017992600039,10.855749377948424,0.5865368299553069,12.425641062437734,87.57435893756227,5.492985738569283,7.006561292032247,0.7108211912064573,23.832121380137103,76.1678786198629
72,lstm_ghw_volatility_only,0.3981578,0.5272574,0.18346688,0.4521629,0.268696,2.460752284521288,3.1824427091492984,0.8324766373257432,35.87867385095925,64.12132614904075,8.476306285024561,10.85249027944662,0.5867850514048327,12.316010489799167,87.68398951020083,5.4685292847729245,7.01746649429796,0.7096308443652879,24.09734217037921,75.9026578296208
72,lstm_ghw_combined,0.39539376,0.5245382,0.18290752,0.4500167,0.2671092,2.4273124745360857,3.1282497837505856,0.8381334761828363,35.153761712758886,64.8462382872411,8.448745936246794,10.835969300719741,0.5880421857531891,12.290249073605175,87.70975092639483,5.43802920539144,6.982109542235163,0.7130878309680126,23.72200539318203,76.27799460681797
